"type","intercept","linear_term","quadratic_term"
"min",14.2422064215687,0.0170425616873145,-0.00942938325500266
"avg",25.7662339488978,-0.0504521275517421,-0.0085302681570907
"max",36.2897169991217,-0.106837421307076,-0.00674734902504885
